{"cameraMode":{"drawMode":0,"name":"Shaded","section":"Shading Mode"},"sceneLighting":true,"audioPlay":false,"sceneViewState":{"showFog":true,"showMaterialUpdate":false,"showSkybox":true,"showFlares":true,"showImageEffects":true,"showParticleSystems":true},"in2DMode":false,"pivot":{"x":36.18275451660156,"y":48.623008728027347,"z":36.71194839477539},"rotation":{"x":-0.1569831520318985,"y":0.8399302363395691,"z":-0.4045005440711975,"w":-0.32597076892852785},"size":-0.30727535486221316,"orthographic":false}